EmployeeID,DistrictID,UnitID,RankID,DesignationID,KGID,FirstName,EmployeeDOB,GenderID,BloodGroupID,PhysicallyChallenged,AppointmentDate
1,1,1,4,1,KGID10001,Ramesh Naik,1981-02-15,1,1,False,2011-02-01
2,1,1,3,2,KGID10002,Suresh Hegde,1982-03-15,1,1,False,2012-03-01
3,2,2,4,1,KGID10003,Mahesh Kulkarni,1983-04-15,1,1,False,2013-04-01
4,2,2,3,2,KGID10004,Ganesh Gowda,1984-05-15,1,1,False,2014-05-01
5,3,3,4,1,KGID10005,Prakash Shetty,1985-06-15,1,1,False,2015-06-01
6,3,3,3,2,KGID10006,Venkatesh Pujari,1986-07-15,1,1,False,2016-07-01
7,4,4,4,1,KGID10007,Manjunath Patil,1987-08-15,1,1,False,2017-08-01
8,4,4,3,2,KGID10008,Basavaraj Rao,1988-09-15,1,1,False,2018-09-01
9,5,5,4,1,KGID10009,Anand Deshmukh,1989-01-15,1,1,False,2010-01-01
10,5,5,3,2,KGID10010,Vijay Kumar,1980-02-15,1,1,False,2011-02-01
11,6,6,4,1,KGID10011,Ramesh Naik,1981-03-15,1,1,False,2012-03-01
12,6,6,3,2,KGID10012,Suresh Hegde,1982-04-15,1,1,False,2013-04-01
13,7,7,4,1,KGID10013,Mahesh Kulkarni,1983-05-15,1,1,False,2014-05-01
14,7,7,3,2,KGID10014,Ganesh Gowda,1984-06-15,1,1,False,2015-06-01
15,8,8,4,1,KGID10015,Prakash Shetty,1985-07-15,1,1,False,2016-07-01
16,8,8,3,2,KGID10016,Venkatesh Pujari,1986-08-15,1,1,False,2017-08-01
17,9,9,4,1,KGID10017,Manjunath Patil,1987-09-15,1,1,False,2018-09-01
18,9,9,3,2,KGID10018,Basavaraj Rao,1988-01-15,1,1,False,2010-01-01
19,10,10,4,1,KGID10019,Anand Deshmukh,1989-02-15,1,1,False,2011-02-01
20,10,10,3,2,KGID10020,Vijay Kumar,1980-03-15,1,1,False,2012-03-01
21,11,11,4,1,KGID10021,Ramesh Naik,1981-04-15,1,1,False,2013-04-01
22,11,11,3,2,KGID10022,Suresh Hegde,1982-05-15,1,1,False,2014-05-01
23,12,12,4,1,KGID10023,Mahesh Kulkarni,1983-06-15,1,1,False,2015-06-01
24,12,12,3,2,KGID10024,Ganesh Gowda,1984-07-15,1,1,False,2016-07-01
25,13,13,4,1,KGID10025,Prakash Shetty,1985-08-15,1,1,False,2017-08-01
26,13,13,3,2,KGID10026,Venkatesh Pujari,1986-09-15,1,1,False,2018-09-01
27,14,14,4,1,KGID10027,Manjunath Patil,1987-01-15,1,1,False,2010-01-01
28,14,14,3,2,KGID10028,Basavaraj Rao,1988-02-15,1,1,False,2011-02-01
29,15,15,4,1,KGID10029,Anand Deshmukh,1989-03-15,1,1,False,2012-03-01
30,15,15,3,2,KGID10030,Vijay Kumar,1980-04-15,1,1,False,2013-04-01
31,16,16,4,1,KGID10031,Ramesh Naik,1981-05-15,1,1,False,2014-05-01
32,16,16,3,2,KGID10032,Suresh Hegde,1982-06-15,1,1,False,2015-06-01
33,17,17,4,1,KGID10033,Mahesh Kulkarni,1983-07-15,1,1,False,2016-07-01
34,17,17,3,2,KGID10034,Ganesh Gowda,1984-08-15,1,1,False,2017-08-01
35,18,18,4,1,KGID10035,Prakash Shetty,1985-09-15,1,1,False,2018-09-01
36,18,18,3,2,KGID10036,Venkatesh Pujari,1986-01-15,1,1,False,2010-01-01
37,19,19,4,1,KGID10037,Manjunath Patil,1987-02-15,1,1,False,2011-02-01
38,19,19,3,2,KGID10038,Basavaraj Rao,1988-03-15,1,1,False,2012-03-01
39,20,20,4,1,KGID10039,Anand Deshmukh,1989-04-15,1,1,False,2013-04-01
40,20,20,3,2,KGID10040,Vijay Kumar,1980-05-15,1,1,False,2014-05-01
41,21,21,4,1,KGID10041,Ramesh Naik,1981-06-15,1,1,False,2015-06-01
42,21,21,3,2,KGID10042,Suresh Hegde,1982-07-15,1,1,False,2016-07-01
43,22,22,4,1,KGID10043,Mahesh Kulkarni,1983-08-15,1,1,False,2017-08-01
44,22,22,3,2,KGID10044,Ganesh Gowda,1984-09-15,1,1,False,2018-09-01
45,23,23,4,1,KGID10045,Prakash Shetty,1985-01-15,1,1,False,2010-01-01
46,23,23,3,2,KGID10046,Venkatesh Pujari,1986-02-15,1,1,False,2011-02-01
47,24,24,4,1,KGID10047,Manjunath Patil,1987-03-15,1,1,False,2012-03-01
48,24,24,3,2,KGID10048,Basavaraj Rao,1988-04-15,1,1,False,2013-04-01
49,25,25,4,1,KGID10049,Anand Deshmukh,1989-05-15,1,1,False,2014-05-01
50,25,25,3,2,KGID10050,Vijay Kumar,1980-06-15,1,1,False,2015-06-01
51,26,26,4,1,KGID10051,Ramesh Naik,1981-07-15,1,1,False,2016-07-01
52,26,26,3,2,KGID10052,Suresh Hegde,1982-08-15,1,1,False,2017-08-01
53,27,27,4,1,KGID10053,Mahesh Kulkarni,1983-09-15,1,1,False,2018-09-01
54,27,27,3,2,KGID10054,Ganesh Gowda,1984-01-15,1,1,False,2010-01-01
